Gene,Mutation,Activating Status Prediction
ALK,F1174L,1
ALK,F1245V,1
ALK,F1245C,1
ALK,I1170N,1
ALK,I1170S,1
ALK,I1171N,1
ALK,Y1278S,1
ALK,R1192P,1
ALK,M1166R,1
ALK,R1275Q,1
ALK,T1151M,1
ALK,L1196M,1
ALK,G1128A,1
ALK,I1183T,1
ALK,L1204F,1
ALK,G1286R,-1
ALK,A1200V,1
ALK,D1349H,1
ALK,T1343I,-1
ALK,R1231Q,1
ALK,I1250T,-1
ALK,D1270G,1
ALK,P1213C,-1
ALK,Y1278E,1
ALK,Y1096A,1
ALK,F1271L,-1
ALK,Y1283E,1
ALK,E1161A,-1
ALK,R1279Q,1
ALK,F1098V,1
ALK,G1269A,1
ALK,C1097A,-1
ALK,Y1278A,-1
ALK,F1174S,1
ALK,Y1282E,1
ALK,A1251T,-1
ALK,I1170V,1
ALK,R1212C,1
ALK,C1156Y,1
ALK,G1201R,-1
ALK,E1242K,1
ALK,D1163N,1
